Borough,CB,Neighbourhood
Queens,406,Forest Hills
Queens,407,Whitestone
Brooklyn,301,East Williamsburg
Brooklyn,306,Park Slope-Gowanus
Manhattan,107,Lincoln Square
Manhattan,104,Clinton
Staten Island,502,Grasmere-Arrochar-Ft. Wadsworth
Brooklyn,313,Gravesend
Queens,401,Steinway
Staten Island,503,Great Kills
Brooklyn,302,Clinton Hill
Brooklyn,316,Brownsville
Brooklyn,311,Bensonhurst East
Brooklyn,314,Flatbush
Queens,404,Corona
Brooklyn,302,Fort Greene
Manhattan,108,Upper East Side-Carnegie Hill
Queens,409,Kew Gardens
Brooklyn,312,Ocean Parkway South
Manhattan,103,Chinatown
Queens,405,Ridgewood
Bronx,206,East Tremont
Staten Island,502,Old Town-Dongan Hills-South Beach
Staten Island,503,Oakwood-Oakwood Beach
Staten Island,502,New Dorp-Midland Beach
Manhattan,107,Upper West Side
Manhattan,106,Stuyvesant Town-Cooper Village
Brooklyn,315,Madison
Queens,407,Queensboro Hill
Staten Island,503,Annadale-Huguenot-Prince's Bay-Eltingville
Bronx,206,Belmont
Bronx,205,Mount Hope
Staten Island,503,Arden Heights
Manhattan,105,Murray Hill-Kips Bay
Manhattan,102,West Village
Brooklyn,306,Carroll Gardens-Columbia Street-Red Hook
Manhattan,109,Morningside Heights
Queens,403,Jackson Heights
Bronx,207,Norwood
Bronx,205,University Heights-Morris Heights
Brooklyn,310,Bay Ridge
Brooklyn,314,Midwood
Queens,407,Murray Hill
Brooklyn,317,Rugby-Remsen Village
Queens,414,Far Rockaway-Bayswater
Brooklyn,304,Bushwick North
Queens,414,Hammels-Arverne-Edgemere
Bronx,206,Fordham South
Queens,413,Springfield Gardens South-Brookville
Queens,406,Rego Park
Queens,413,Queens Village
Brooklyn,308,Prospect Heights
Queens,407,Flushing
Brooklyn,311,Bensonhurst West
Brooklyn,317,Erasmus
Bronx,212,Woodlawn-Wakefield
Queens,403,East Elmhurst
Manhattan,108,Lenox Hill-Roosevelt Island
Queens,401,Astoria
Manhattan,106,Gramercy
Queens,409,Woodhaven
Queens,414,Breezy Point-Belle Harbor-Rockaway Park-Broad Channel
Brooklyn,312,Kensington-Ocean Parkway
Queens,408,Fresh Meadows-Utopia
Queens,411,Auburndale
Brooklyn,301,Greenpoint
Staten Island,502,New Springville-Bloomfield-Travis
Brooklyn,315,Sheepshead Bay-Gerritsen Beach-Manhattan Beach
Bronx,208,Van Cortlandt Village
Brooklyn,318,Flatlands
Brooklyn,315,Homecrest
Manhattan,105,Midtown-Midtown South
Queens,405,Glendale
Manhattan,101,Battery Park City-Lower Manhattan
Manhattan,110,Central Harlem South
Queens,402,Hunters Point-Sunnyside-West Maspeth
Brooklyn,312,Borough Park
Queens,412,St. Albans
Queens,413,Laurelton
Queens,411,Bayside-Bayside Hills
Queens,408,Jamaica Estates-Holliswood
Staten Island,502,Todt Hill-Emerson Hill-Heartland Village-Lighthouse Hill
Bronx,206,Claremont-Bathgate
Manhattan,106,Turtle Bay-East Midtown
Bronx,204,Highbridge
Queens,411,Douglas Manor-Douglaston-Little Neck
Brooklyn,308,Crown Heights North
Bronx,211,Pelham Parkway
Queens,401,Old Astoria
Queens,411,Oakland Gardens
Queens,410,Lindenwood-Howard Beach
Brooklyn,305,East New York
Manhattan,102,SoHo-TriBeCa-Civic Center-Little Italy
Manhattan,103,Lower East Side
Queens,407,College Point
Brooklyn,312,Sunset Park East
Brooklyn,303,Bedford
Queens,409,Richmond Hill
Staten Island,501,Westerleigh
Bronx,210,Schuylerville-Throgs Neck-Edgewater Park
Manhattan,108,Yorkville
Bronx,212,Eastchester-Edenwald-Baychester
Queens,402,Elmhurst-Maspeth
Brooklyn,303,Stuyvesant Heights
Bronx,207,Kingsbridge Heights
Brooklyn,309,Prospect Lefferts Gardens-Wingate
Bronx,211,Van Nest-Morris Park-Westchester Square
Bronx,201,Melrose South-Mott Haven North
Bronx,209,West Farms-Bronx River
Brooklyn,301,North Side-South Side
Brooklyn,305,East New York (Pennsylvania Ave)
Brooklyn,311,Bath Beach
Brooklyn,313,Seagate-Coney Island
Staten Island,503,Rossville-Woodrow
Manhattan,103,East Village
Brooklyn,305,Cypress Hills-City Line
Brooklyn,318,Canarsie
Brooklyn,318,Georgetown-Marine Park-Bergen Beach-Mill Basin
Manhattan,112,Washington Heights South
Staten Island,503,Charleston-Richmond Valley-Tottenville
Bronx,210,Pelham Bay-Country Club-City Island
Brooklyn,301,Williamsburg
Queens,408,Kew Gardens Hills
Manhattan,111,East Harlem South
Queens,401,Woodside
Staten Island,501,New Brighton-Silver Lake
Queens,413,Bellerose
Bronx,203,Crotona Park East
Brooklyn,315,Brighton Beach
Brooklyn,307,Sunset Park West
Brooklyn,310,Dyker Heights
Queens,404,Elmhurst
Brooklyn,316,Ocean Hill
Brooklyn,301,Bushwick South
Brooklyn,309,Crown Heights South
Manhattan,109,Hamilton Heights
Queens,410,South Ozone Park
Bronx,209,Soundview-Castle Hill-Clason Point-Harding Park
Bronx,204,West Concourse
Bronx,205,Bedford Park-Fordham North
Manhattan,109,Manhattanville
Queens,413,Rosedale
Bronx,208,Spuyten Duyvil-Kingsbridge
Staten Island,501,Mariner's Harbor-Arlington-Port Ivory-Graniteville
Queens,413,Cambria Heights
Queens,401,Queensbridge-Ravenswood-Long Island City
Brooklyn,307,Windsor Terrace
Bronx,212,Williamsbridge-Olinville
Queens,407,East Flushing
Queens,408,Pomonok-Flushing Heights-Hillcrest
Brooklyn,302,DUMBO-Vinegar Hill-Downtown Brooklyn-Boerum Hill
Staten Island,501,Stapleton-Rosebank
Bronx,211,Allerton-Pelham Gardens
Brooklyn,317,East Flatbush-Farragut
Brooklyn,302,Brooklyn Heights-Cobble Hill
Queens,412,Jamaica
Bronx,209,Parkchester
Manhattan,112,Washington Heights North
Queens,403,North Corona
Bronx,203,Morrisania-Melrose
Manhattan,110,Central Harlem North-Polo Grounds
Queens,413,Glen Oaks-Floral Park-New Hyde Park
Manhattan,111,East Harlem North
Queens,412,Hollis
Queens,405,Middle Village
Staten Island,501,West New Brighton-New Brighton-St. George
Bronx,201,Mott Haven-Port Morris
Staten Island,501,Grymes Hill-Clifton-Fox Hills
Queens,405,Maspeth
Bronx,209,Soundview-Bruckner
Queens,408,Briarwood-Jamaica Hills
Manhattan,112,Marble Hill-Inwood
Bronx,208,North Riverdale-Fieldston-Riverdale
Bronx,204,East Concourse-Concourse Village
Bronx,210,Westchester-Unionport
Bronx,202,Longwood
Queens,409,Ozone Park
Queens,407,Ft. Totten-Bay Terrace-Clearview
Queens,412,Springfield Gardens North
Bronx,202,Hunts Point
Brooklyn,305,Starrett City
Queens,412,Baisley Park
Brooklyn,313,West Brighton
Staten Island,501,Port Richmond
Bronx,211,Bronxdale
Manhattan,105,Hudson Yards-Chelsea-Flatiron-Union Square
Bronx,210,Co-op City
Queens,412,South Jamaica
